plate	line_id	barcode
M564_No_18	M564_No_18	TTACGAT
M564_No_58_w	M564_No_58_w	TTACGAT
M564_No_12	M564_No_12	TTACGAT
M564_No_35	M564_No_35	TTACGAT
M564_No_9_2	M564_No_9_2	TTACGAT
M564_No_24	M564_No_24	TTACGAT
M564_No_19_1	M564_No_19_1	TTACGAT
M564_No_38	M564_No_38	TTACGAT
M564_No_15_d	M564_No_15_d	TTACGAT
M564_No_26	M564_No_26	TTACGAT
564_40	564_40	TTACGAT
M564_No_61	M564_No_61	TTACGAT
M564_No_20_s_w_b_p	M564_No_20_s_w_b_p	TTACGAT
M564_No_4	M564_No_4	TTACGAT
M564_No_15_s	M564_No_15_s	TTACGAT
M564_No_27	M564_No_27	TTACGAT
M564_No_41	M564_No_41	TTACGAT
M564_No_52	M564_No_52	TTACGAT
M564_No_26_2	M564_No_26_2	TTACGAT
M564_No_6	M564_No_6	TTACGAT
M564_No_16	M564_No_16	TTACGAT
M564_No_28	M564_No_28	TTACGAT
M564_No_42	M564_No_42	TTACGAT
M564_No_53	M564_No_53	TTACGAT
M564_No_26_3	M564_No_26_3	TTACGAT
M564_No_7	M564_No_7	TTACGAT
M564_No_17	M564_No_17	TTACGAT
M564_No_29	M564_No_29	TTACGAT
M564_No_43	M564_No_43	TTACGAT
M564_No_54	M564_No_54	TTACGAT
M564_No_8	M564_No_8	TTACGAT
M654_No_30	M654_No_30	TTACGAT
M564_No_44	M564_No_44	TTACGAT
M564_No_56	M564_No_56	TTACGAT
M564_No_9	M564_No_9	TTACGAT
M564_No_19	M564_No_19	TTACGAT
M564_No_32	M564_No_32	TTACGAT
M564_No_45	M564_No_45	TTACGAT
M564_No_57_b_d	M564_No_57_b_d	TTACGAT
M564_No_9_b	M564_No_9_b	TTACGAT
M564_No_20	M564_No_20	TTACGAT
M564_No_33	M564_No_33	TTACGAT
M564_No_46	M564_No_46	TTACGAT
M564_No_58_b_w_p	M564_No_58_b_w_p	TTACGAT
M564_No_10	M564_No_10	TTACGAT
M564_No_21	M564_No_21	TTACGAT
M564_No_34	M564_No_34	TTACGAT
M564_No_47	M564_No_47	TTACGAT
M564_No_22	M564_No_22	TTACGAT
M564_No_48	M564_No_48	TTACGAT
M564_No_59_mix	M564_No_59_mix	TTACGAT
M564_No_9_1	M564_No_9_1	TTACGAT
M564_No_13	M564_No_13	TTACGAT
M564_No_23	M564_No_23	TTACGAT
M564_No_36	M564_No_36	TTACGAT
M564_No_49	M564_No_49	TTACGAT
M564_No_59_b	M564_No_59_b	TTACGAT
M564_No_14	M564_No_14	TTACGAT
M564_No_37	M564_No_37	TTACGAT
M564_No_50_b	M564_No_50_b	TTACGAT
M564_No_60_b_d_l	M564_No_60_b_d_l	TTACGAT
M564_No_19_2	M564_No_19_2	TTACGAT
M564_No_15_w	M564_No_15_w	TTACGAT
M564_No_25	M564_No_25	TTACGAT
M564_No_50_w_p	M564_No_50_w_p	TTACGAT
M564_No_60_b_w_p	M564_No_60_b_w_p	TTACGAT
M564_Evros	M564_Evros	TTACGAT