flowcell_id	lane	index	sequencing_unit_id	plate	fq1	fq2
HKY23DSX3	2		HKY23DSX3-2	M564_No_18	/home/scruz/evros_project/data/duplicates/4048653.FASTQ	
HKY23DSX3	2		HKY23DSX3-2	M564_No_58_w	/home/scruz/evros_project/data/duplicates/4048755.FASTQ	
HKY23DSX3	2		HKY23DSX3-2	M564_No_12	/home/scruz/evros_project/data/duplicates/4048779.FASTQ	
HKY23DSX3	2		HKY23DSX3-2	M564_No_35	/home/scruz/evros_project/data/duplicates/4048783.FASTQ	
HKY23DSX3	2		HKY23DSX3-2	M564_No_9_2	/home/scruz/evros_project/data/duplicates/4048839.FASTQ	
HKY23DSX3	2		HKY23DSX3-2	M564_No_24	/home/scruz/evros_project/data/duplicates/4048845.FASTQ	
HKY23DSX3	2		HKY23DSX3-2	M564_No_19_1	/home/scruz/evros_project/data/duplicates/4048871.FASTQ	
HKY23DSX3	2		HKY23DSX3-2	M564_No_38	/home/scruz/evros_project/data/duplicates/4048879.FASTQ	
HKY23DSX3	2		HKY23DSX3-2	M564_No_15_d	/home/scruz/evros_project/data/EVROS_FASTQ/4048526.FASTQ	
HKY23DSX3	2		HKY23DSX3-2	M564_No_26	/home/scruz/evros_project/data/EVROS_FASTQ/4048528.FASTQ	
HKY23DSX3	2		HKY23DSX3-2	564_40	/home/scruz/evros_project/data/EVROS_FASTQ/4048530.FASTQ	
HKY23DSX3	2		HKY23DSX3-2	M564_No_61	/home/scruz/evros_project/data/EVROS_FASTQ/4048534.FASTQ	
HKY23DSX3	2		HKY23DSX3-2	M564_No_20_s_w_b_p	/home/scruz/evros_project/data/EVROS_FASTQ/4048554.FASTQ	
HKY23DSX3	2		HKY23DSX3-2	M564_No_4	/home/scruz/evros_project/data/EVROS_FASTQ/4048556.FASTQ	
HKY23DSX3	2		HKY23DSX3-2	M564_No_15_s	/home/scruz/evros_project/data/EVROS_FASTQ/4048558.FASTQ	
HKY23DSX3	2		HKY23DSX3-2	M564_No_27	/home/scruz/evros_project/data/EVROS_FASTQ/4048560.FASTQ	
HKY23DSX3	2		HKY23DSX3-2	M564_No_41	/home/scruz/evros_project/data/EVROS_FASTQ/4048562.FASTQ	
HKY23DSX3	2		HKY23DSX3-2	M564_No_52	/home/scruz/evros_project/data/EVROS_FASTQ/4048564.FASTQ	
HKY23DSX3	2		HKY23DSX3-2	M564_No_26_2	/home/scruz/evros_project/data/EVROS_FASTQ/4048586.FASTQ	
HKY23DSX3	2		HKY23DSX3-2	M564_No_6	/home/scruz/evros_project/data/EVROS_FASTQ/4048588.FASTQ	
HKY23DSX3	2		HKY23DSX3-2	M564_No_16	/home/scruz/evros_project/data/EVROS_FASTQ/4048590.FASTQ	
HKY23DSX3	2		HKY23DSX3-2	M564_No_28	/home/scruz/evros_project/data/EVROS_FASTQ/4048592.FASTQ	
HKY23DSX3	2		HKY23DSX3-2	M564_No_42	/home/scruz/evros_project/data/EVROS_FASTQ/4048594.FASTQ	
HKY23DSX3	2		HKY23DSX3-2	M564_No_53	/home/scruz/evros_project/data/EVROS_FASTQ/4048596.FASTQ	
HKY23DSX3	2		HKY23DSX3-2	M564_No_26_3	/home/scruz/evros_project/data/EVROS_FASTQ/4048618.FASTQ	
HKY23DSX3	2		HKY23DSX3-2	M564_No_7	/home/scruz/evros_project/data/EVROS_FASTQ/4048620.FASTQ	
HKY23DSX3	2		HKY23DSX3-2	M564_No_17	/home/scruz/evros_project/data/EVROS_FASTQ/4048622.FASTQ	
HKY23DSX3	2		HKY23DSX3-2	M564_No_29	/home/scruz/evros_project/data/EVROS_FASTQ/4048624.FASTQ	
HKY23DSX3	2		HKY23DSX3-2	M564_No_43	/home/scruz/evros_project/data/EVROS_FASTQ/4048626.FASTQ	
HKY23DSX3	2		HKY23DSX3-2	M564_No_54	/home/scruz/evros_project/data/EVROS_FASTQ/4048628.FASTQ	
HKY23DSX3	2		HKY23DSX3-2	M564_No_8	/home/scruz/evros_project/data/EVROS_FASTQ/4048651.FASTQ	
HKY23DSX3	2		HKY23DSX3-2	M654_No_30	/home/scruz/evros_project/data/EVROS_FASTQ/4048655.FASTQ	
HKY23DSX3	2		HKY23DSX3-2	M564_No_44	/home/scruz/evros_project/data/EVROS_FASTQ/4048657.FASTQ	
HKY23DSX3	2		HKY23DSX3-2	M564_No_56	/home/scruz/evros_project/data/EVROS_FASTQ/4048659.FASTQ	
HKY23DSX3	2		HKY23DSX3-2	M564_No_9	/home/scruz/evros_project/data/EVROS_FASTQ/4048683.FASTQ	
HKY23DSX3	2		HKY23DSX3-2	M564_No_19	/home/scruz/evros_project/data/EVROS_FASTQ/4048685.FASTQ	
HKY23DSX3	2		HKY23DSX3-2	M564_No_32	/home/scruz/evros_project/data/EVROS_FASTQ/4048687.FASTQ	
HKY23DSX3	2		HKY23DSX3-2	M564_No_45	/home/scruz/evros_project/data/EVROS_FASTQ/4048689.FASTQ	
HKY23DSX3	2		HKY23DSX3-2	M564_No_57_b_d	/home/scruz/evros_project/data/EVROS_FASTQ/4048691.FASTQ	
HKY23DSX3	2		HKY23DSX3-2	M564_No_9_b	/home/scruz/evros_project/data/EVROS_FASTQ/4048715.FASTQ	
HKY23DSX3	2		HKY23DSX3-2	M564_No_20	/home/scruz/evros_project/data/EVROS_FASTQ/4048717.FASTQ	
HKY23DSX3	2		HKY23DSX3-2	M564_No_33	/home/scruz/evros_project/data/EVROS_FASTQ/4048719.FASTQ	
HKY23DSX3	2		HKY23DSX3-2	M564_No_46	/home/scruz/evros_project/data/EVROS_FASTQ/4048721.FASTQ	
HKY23DSX3	2		HKY23DSX3-2	M564_No_58_b_w_p	/home/scruz/evros_project/data/EVROS_FASTQ/4048723.FASTQ	
HKY23DSX3	2		HKY23DSX3-2	M564_No_10	/home/scruz/evros_project/data/EVROS_FASTQ/4048747.FASTQ	
HKY23DSX3	2		HKY23DSX3-2	M564_No_21	/home/scruz/evros_project/data/EVROS_FASTQ/4048749.FASTQ	
HKY23DSX3	2		HKY23DSX3-2	M564_No_34	/home/scruz/evros_project/data/EVROS_FASTQ/4048751.FASTQ	
HKY23DSX3	2		HKY23DSX3-2	M564_No_47	/home/scruz/evros_project/data/EVROS_FASTQ/4048753.FASTQ	
HKY23DSX3	2		HKY23DSX3-2	M564_No_22	/home/scruz/evros_project/data/EVROS_FASTQ/4048781.FASTQ	
HKY23DSX3	2		HKY23DSX3-2	M564_No_48	/home/scruz/evros_project/data/EVROS_FASTQ/4048785.FASTQ	
HKY23DSX3	2		HKY23DSX3-2	M564_No_59_mix	/home/scruz/evros_project/data/EVROS_FASTQ/4048787.FASTQ	
HKY23DSX3	2		HKY23DSX3-2	M564_No_9_1	/home/scruz/evros_project/data/EVROS_FASTQ/4048807.FASTQ	
HKY23DSX3	2		HKY23DSX3-2	M564_No_13	/home/scruz/evros_project/data/EVROS_FASTQ/4048811.FASTQ	
HKY23DSX3	2		HKY23DSX3-2	M564_No_23	/home/scruz/evros_project/data/EVROS_FASTQ/4048813.FASTQ	
HKY23DSX3	2		HKY23DSX3-2	M564_No_36	/home/scruz/evros_project/data/EVROS_FASTQ/4048815.FASTQ	
HKY23DSX3	2		HKY23DSX3-2	M564_No_49	/home/scruz/evros_project/data/EVROS_FASTQ/4048817.FASTQ	
HKY23DSX3	2		HKY23DSX3-2	M564_No_59_b	/home/scruz/evros_project/data/EVROS_FASTQ/4048819.FASTQ	
HKY23DSX3	2		HKY23DSX3-2	M564_No_14	/home/scruz/evros_project/data/EVROS_FASTQ/4048843.FASTQ	
HKY23DSX3	2		HKY23DSX3-2	M564_No_37	/home/scruz/evros_project/data/EVROS_FASTQ/4048847.FASTQ	
HKY23DSX3	2		HKY23DSX3-2	M564_No_50_b	/home/scruz/evros_project/data/EVROS_FASTQ/4048849.FASTQ	
HKY23DSX3	2		HKY23DSX3-2	M564_No_60_b_d_l	/home/scruz/evros_project/data/EVROS_FASTQ/4048851.FASTQ	
HKY23DSX3	2		HKY23DSX3-2	M564_No_19_2	/home/scruz/evros_project/data/EVROS_FASTQ/4048873.FASTQ	
HKY23DSX3	2		HKY23DSX3-2	M564_No_15_w	/home/scruz/evros_project/data/EVROS_FASTQ/4048875.FASTQ	
HKY23DSX3	2		HKY23DSX3-2	M564_No_25	/home/scruz/evros_project/data/EVROS_FASTQ/4048877.FASTQ	
HKY23DSX3	2		HKY23DSX3-2	M564_No_50_w_p	/home/scruz/evros_project/data/EVROS_FASTQ/4048881.FASTQ	
HKY23DSX3	2		HKY23DSX3-2	M564_No_60_b_w_p	/home/scruz/evros_project/data/EVROS_FASTQ/4048883.FASTQ	
HKY23DSX3	2		HKY23DSX3-2	M564_Evros	/home/scruz/evros_project/data/EVROS_FASTQ/4048524.FASTQ	